synthetic_banner,evidence_id,filename,title,document_date,fictional_owner,scope,evidence_role,referenced_questionnaire_ids
SYNTHETIC DEMONSTRATION — NOT CUSTOMER EVIDENCE,EVD-001,EVD-001_security_overview.md,Cinderline Security Overview,2026-06-20,Ilya North,DocWeave AI hosted production scope,"Program, governance, security ownership, monitoring, and high-level control summary",Q001|Q002|Q003|Q004|Q005|Q013|Q014|Q020|Q028|Q029|Q030|Q034|Q039|Q049|Q050
SYNTHETIC DEMONSTRATION — NOT CUSTOMER EVIDENCE,EVD-002,EVD-002_access_control_procedure.md,Access Control Procedure,2026-06-18,Ilya North,"Workforce, administrative, and production access for DocWeave AI","Unique identity, MFA, role assignment, review, revocation, and access logging",Q006|Q007|Q008|Q009|Q010|Q011
SYNTHETIC DEMONSTRATION — NOT CUSTOMER EVIDENCE,EVD-003,EVD-003_secure_development_summary.md,Secure Development Summary,2026-06-19,Ren Okafor,DocWeave AI application repositories and release workflow,"Development lifecycle, review, scanning, remediation, change control, and rollback",Q020|Q021|Q022|Q023|Q024|Q025|Q026|Q027
SYNTHETIC DEMONSTRATION — NOT CUSTOMER EVIDENCE,EVD-004,EVD-004_incident_response_procedure.md,Incident Response Procedure,2026-06-17,Ilya North,Security incidents affecting the DocWeave AI hosted production scope,"Incident classification, escalation, notification, exercises, and log preservation",Q034|Q035|Q036|Q037|Q038|Q042
SYNTHETIC DEMONSTRATION — NOT CUSTOMER EVIDENCE,EVD-005,EVD-005_backup_continuity_summary.md,Backup and Continuity Summary,2026-06-16,Theo Vale,DocWeave AI production data and essential service recovery,"Backups, restoration, continuity targets, and communication arrangements",Q031|Q032|Q039|Q040|Q041|Q042
SYNTHETIC DEMONSTRATION — NOT CUSTOMER EVIDENCE,EVD-006,EVD-006_vendor_register.md,Critical Vendor Register,2026-06-15,Theo Vale,Vendors supporting the DocWeave AI hosted production scope,"Vendor inventory, service purpose, review tier, and subprocessor mapping",Q015|Q028|Q030|Q043|Q044|Q045
SYNTHETIC DEMONSTRATION — NOT CUSTOMER EVIDENCE,EVD-007,EVD-007_data_flow_description.md,DocWeave AI Data Flow Description,2026-06-21,Ren Okafor,"Customer document ingestion, processing, storage, export, and deletion","Encryption, retention, deletion, segregation, non-production use, and model-data boundary",Q013|Q014|Q015|Q016|Q017|Q018|Q019|Q049
SYNTHETIC DEMONSTRATION — NOT CUSTOMER EVIDENCE,EVD-008,EVD-008_training_personnel_record.md,Personnel and Security Training Record,2026-06-24,Elin Park,All 35 fictional Cinderline personnel,"Background screening assertion, confidentiality obligations, and security training completion",Q046|Q047|Q048
SYNTHETIC DEMONSTRATION — NOT CUSTOMER EVIDENCE,EVD-009,EVD-009_test_review_record.md,Control Test and Review Record,2026-06-25,Ilya North,Selected control checks for the DocWeave AI hosted production scope,"Risk review, access review, code review sampling, restore test, and planned exercises",Q004|Q009|Q021|Q022|Q023|Q024|Q025|Q032|Q037|Q041
